{
    "best_params": {
        "max_depth": null,
        "min_samples_split": 2
    },
    "best_cv_score": 0.6623657142857142,
    "test_accuracy": 0.6670666666666667,
    "classification_report": {
        "negative": {
            "precision": 0.7027218782249742,
            "recall": 0.7263333333333334,
            "f1-score": 0.714332546551272,
            "support": 15000.0
        },
        "neutral": {
            "precision": 0.5048489107519325,
            "recall": 0.4789333333333333,
            "f1-score": 0.491549777625727,
            "support": 7500.0
        },
        "positive": {
            "precision": 0.7074793360661246,
            "recall": 0.7018666666666666,
            "f1-score": 0.7046618252401191,
            "support": 15000.0
        },
        "accuracy": 0.6670666666666667,
        "macro avg": {
            "precision": 0.6383500416810105,
            "recall": 0.6357111111111111,
            "f1-score": 0.636848049805706,
            "support": 37500.0
        },
        "weighted avg": {
            "precision": 0.6650502678668261,
            "recall": 0.6670666666666667,
            "f1-score": 0.6659077042417019,
            "support": 37500.0
        }
    }
}